canopy,moisture,nutrient,mold_prob,temp_scaled,lux,shield_pos,LAI,leaf_biomass_g,root_biomass_g,stem_biomass_g,n_plants,temp_c,energy_alt,_step,hour,step_progress,reward,cum_reward,terminated,truncated,transp_total_liters,vpd_norm,energy,delivered_water,heater_power
0.1201,0.35,0.535,0.0,0.6484,0.4375,0.0,0.16,0.48,0.32,0.16,32.0,25.94,0.0,0,,,,,,,,,,,
0.1317,0.3539,0.4853,0.0048,0.6484,0.4375,0.0272,0.17651970675568174,0.5296,0.3627,0.1897,,28.74,,1,6.0,336.0,0.8942,0.8942,0.0,0.0,0.0012,0.5576,0.2146,0.0292,0.0
0.139,0.3567,0.4528,0.0068,0.7185,0.4269,0.0539,0.1870926071675522,0.5613,0.3913,0.2088,,30.39,,2,7.0,336.0,-3.2658,-2.3715,0.0,0.0,0.0017,0.7761,0.4285,0.0277,0.0
0.1442,0.3593,0.4294,0.0069,0.7596,0.5801,0.0811,0.19458688395848814,0.5838,0.4122,0.2223,,31.4,,3,8.0,336.0,-5.8266,-8.1982,0.0,0.0,0.0022,0.9924,0.6426,0.0282,0.0
0.1482,0.3618,0.4108,0.0063,0.785,0.6962,0.1086,0.20043104894296113,0.6013,0.429,0.2328,,32.05,,4,9.0,336.0,-7.429,-15.6272,0.0,0.0,0.0024,1.096,0.8569,0.0287,0.0
0.1515,0.3643,0.395,0.0055,0.8013,0.7772,0.1363,0.20533228342815465,0.616,0.4433,0.2416,,32.47,,5,10.0,336.0,-8.4485,-24.0757,0.0,0.0,0.0026,1.1282,1.0715,0.0291,0.0
0.1544,0.3668,0.3809,0.0046,0.8117,0.8256,0.164,0.20967945405170568,0.629,0.4562,0.2494,,32.72,,6,11.0,336.0,-9.0743,-33.15,0.0,0.0,0.0027,1.1487,1.2862,0.0294,0.0
0.1572,0.3693,0.3676,0.0037,0.818,0.8438,0.1916,0.2137140492051365,0.6411,0.4684,0.2567,,32.84,,7,12.0,336.0,-9.405,-42.5549,0.0,0.0,0.0027,1.1598,1.501,0.0296,0.0
0.1598,0.3718,0.3547,0.0027,0.8209,0.8342,0.219,0.21760358829491003,0.6528,0.4803,0.2637,,32.84,,8,13.0,336.0,-9.4941,-52.0491,0.0,0.0,0.0027,1.1633,1.7158,0.0296,0.0
0.1624,0.3741,0.3417,0.0017,0.8211,0.7988,0.2461,0.2214739333917147,0.6644,0.4924,0.2707,,32.75,,9,14.0,336.0,-9.3738,-61.4229,0.0,0.0,0.0027,1.1599,1.9305,0.0294,0.0
0.165,0.3764,0.3285,0.0008,0.8188,0.7401,0.2727,0.22542105128392592,0.6763,0.5049,0.2778,,32.57,,10,15.0,336.0,-9.0654,-70.4883,0.0,0.0,0.0026,1.1505,2.1451,0.0292,0.0
0.1677,0.3785,0.3146,0.0,0.8143,0.66,0.2987,0.22950652863270432,0.6885,0.518,0.2851,,32.31,,11,16.0,336.0,-8.5846,-79.0729,0.0,0.0,0.0025,1.1357,2.3595,0.0287,0.0
0.1705,0.3805,0.3003,0.0,0.8076,0.5604,0.3242,0.23372759756710323,0.7012,0.5318,0.2927,,31.96,,12,17.0,336.0,-7.9446,-87.0175,0.0,0.0,0.0023,1.116,2.5736,0.0282,0.0
0.1733,0.3824,0.2859,0.0,0.7991,0.4431,0.3489,0.23792084706535907,0.7138,0.5457,0.3003,,31.55,,13,18.0,336.0,-7.1574,-94.1749,0.0,0.0,0.0021,1.0921,2.7874,0.0275,0.0
0.1756,0.3841,0.2737,0.0,0.7888,0.3097,0.3729,0.24141761034878642,0.7243,0.5575,0.3066,,31.07,,14,19.0,336.0,-6.2359,-100.4109,0.0,0.0,0.0019,1.0643,3.0007,0.0268,0.0
0.1756,0.3857,0.274,0.0,0.7767,0.1616,0.3959,0.24141761034878642,0.7243,0.5575,0.3066,,30.52,,15,20.0,336.0,-5.2027,-105.6136,0.0,0.0,0.0016,1.0333,3.2137,0.026,0.0
0.1756,0.3869,0.2744,0.0,0.7631,0.0,0.4181,0.24141761034878642,0.7243,0.5575,0.3066,,30.26,,16,21.0,336.0,-4.4248,-110.0384,0.0,0.0,0.0016,1.0111,3.4263,0.0251,0.0
0.1756,0.3882,0.2747,0.0,0.7564,0.0,0.4401,0.24141761034878642,0.7243,0.5575,0.3066,,30.13,,17,22.0,336.0,-4.0342,-114.0726,0.0,0.0,0.0016,1.0003,3.639,0.0254,0.0
0.1756,0.3896,0.275,0.0,0.7531,0.0,0.462,0.24141761034878642,0.7243,0.5575,0.3066,,30.06,,18,23.0,336.0,-3.8328,-117.9054,0.0,0.0,0.0016,0.9951,3.8518,0.0256,0.0
0.1756,0.391,0.2753,0.0001,0.7515,0.0,0.4838,0.24141761034878642,0.7243,0.5575,0.3066,,30.03,,19,0.0,336.0,-3.7233,-121.6287,0.0,0.0,0.0016,0.9925,4.0647,0.0258,0.0
0.1756,0.3925,0.2757,0.0001,0.7508,0.0,0.5054,0.24141761034878642,0.7243,0.5575,0.3066,,30.01,,20,1.0,336.0,-3.6581,-125.2869,0.0,0.0,0.0016,0.9912,4.2777,0.026,0.0
0.1756,0.394,0.276,0.0002,0.7504,0.0,0.5269,0.24141761034878642,0.7243,0.5575,0.3066,,30.01,,21,2.0,336.0,-3.6139,-128.9008,0.0,0.0,0.0016,0.9906,4.4908,0.0262,0.0
0.1756,0.3955,0.2763,0.0002,0.7502,0.0,0.5482,0.24141761034878642,0.7243,0.5575,0.3066,,30.0,,22,3.0,336.0,-3.5792,-132.48,0.0,0.0,0.0016,0.9903,4.7039,0.0263,0.0
0.1756,0.3971,0.2767,0.0003,0.7501,0.0,0.5694,0.24141761034878642,0.7243,0.5575,0.3066,,30.0,,23,4.0,336.0,-3.5482,-136.0282,0.0,0.0,0.0016,0.9902,4.9171,0.0265,0.0
0.1784,0.3985,0.262,0.0003,0.75,0.0,0.5905,0.2456301933964496,0.7369,0.5719,0.3141,,30.26,,24,5.0,336.0,-3.7967,-139.8249,0.0,0.0,0.0018,0.9987,5.1304,0.0266,0.0
0.1819,0.4001,0.2434,0.0002,0.7565,0.1245,0.6121,0.2509935714785338,0.753,0.5905,0.3238,,30.6,,25,6.0,336.0,-6.3709,-146.1958,0.0,0.0,0.002,1.0163,5.3442,0.0276,0.0
0.1855,0.4018,0.2242,0.0,0.7649,0.226,0.634,0.2564789909460782,0.7694,0.61,0.3337,,30.93,,26,7.0,336.0,-7.015,-153.2108,0.0,0.0,0.0022,1.0361,5.5584,0.0283,0.0
0.1889,0.4036,0.2055,0.0,0.7734,0.3057,0.6563,0.26174844993467805,0.7852,0.6291,0.3431,,31.23,,27,8.0,336.0,-7.6093,-160.8201,0.0,0.0,0.0024,1.0548,5.7728,0.0289,0.0
0.1921,0.4053,0.1877,0.0,0.7808,0.3652,0.6787,0.26672119955919743,0.8002,0.6474,0.3521,,31.47,,28,9.0,336.0,-8.1002,-168.9204,0.0,0.0,0.0025,1.0706,5.9875,0.0293,0.0
0.1952,0.4071,0.1707,0.0,0.7867,0.4057,0.7011,0.27141470608097445,0.8142,0.665,0.3605,,31.64,,29,10.0,336.0,-8.466,-177.3863,0.0,0.0,0.0026,1.0829,6.2022,0.0296,0.0
0.198,0.4089,0.1544,0.0,0.7911,0.4289,0.7236,0.27587996136858617,0.8276,0.682,0.3686,,31.75,,30,11.0,336.0,-8.7005,-186.0868,0.0,0.0,0.0027,1.0912,6.4171,0.0298,0.0
0.2008,0.4106,0.1385,0.0,0.7938,0.4361,0.746,0.2801738719203784,0.8405,0.6986,0.3763,,31.8,,31,12.0,336.0,-8.8057,-194.8925,0.0,0.0,0.0027,1.0957,6.6321,0.0299,0.0
0.2035,0.4123,0.123,0.0,0.7949,0.4288,0.7682,0.2843462942622301,0.853,0.715,0.3838,,31.78,,32,13.0,336.0,-8.7868,-203.6793,0.0,0.0,0.0027,1.0963,6.847,0.0299,0.0
0.2061,0.414,0.1076,0.0,0.7946,0.4084,0.7901,0.2884316743682849,0.8653,0.7312,0.3912,,31.71,,33,14.0,336.0,-8.6512,-212.3305,0.0,0.0,0.0027,1.0933,7.0619,0.0298,0.0
0.2086,0.4156,0.0924,0.0,0.7928,0.3762,0.8118,0.29243958194092096,0.8773,0.7474,0.3984,,31.59,,34,15.0,336.0,-8.407,-220.7375,0.0,0.0,0.0026,1.087,7.2767,0.0297,0.0
0.2111,0.4172,0.0775,0.0,0.7897,0.3334,0.8332,0.29633867633773064,0.889,0.7634,0.4054,,31.42,,35,16.0,336.0,-8.0624,-228.7999,0.0,0.0,0.0026,1.0777,7.4915,0.0295,0.0
0.2134,0.4187,0.0633,0.0,0.7854,0.2813,0.8542,0.30002463909692195,0.9001,0.7786,0.412,,31.2,,36,17.0,336.0,-7.6259,-236.4258,0.0,0.0,0.0025,1.0656,7.7061,0.0292,0.0
0.2154,0.4202,0.0507,0.0,0.78,0.2209,0.8748,0.30324868782303843,0.9097,0.7921,0.4178,,30.94,,37,18.0,336.0,-7.1063,-243.5321,0.0,0.0,0.0023,1.0511,7.9205,0.0289,0.0
0.2157,0.4217,0.0458,0.0,0.7735,0.1533,0.895,0.3036509853901295,0.911,0.7938,0.4186,,30.65,,38,19.0,336.0,-6.5236,-250.0557,0.0,0.0,0.0022,1.0344,8.1349,0.0286,0.0
0.2157,0.4231,0.0462,0.0,0.7661,0.0794,0.9146,0.3036509853901295,0.911,0.7938,0.4186,,30.32,,39,20.0,336.0,-5.8547,-255.9104,0.0,0.0,0.002,1.016,8.349,0.0283,0.0
0.2157,0.4244,0.0465,0.0,0.7579,0.0,0.9338,0.3036509853901295,0.911,0.7938,0.4186,,30.15,,40,21.0,336.0,-5.3567,-261.2671,0.0,0.0,0.002,1.0027,8.563,0.028,0.0
0.2157,0.4257,0.0469,0.0,0.7539,0.0,0.9528,0.3036509853901295,0.911,0.7938,0.4186,,30.08,,41,22.0,336.0,-5.0912,-266.3583,0.0,0.0,0.002,0.9962,8.7771,0.0282,0.0
0.2157,0.4271,0.0473,0.0001,0.7519,0.0,0.9718,0.3036509853901295,0.911,0.7938,0.4186,,30.04,,42,23.0,336.0,-4.9387,-271.297,0.0,0.0,0.002,0.9931,8.9912,0.0283,0.0
0.2157,0.4286,0.0477,0.0001,0.7509,0.0,0.9906,0.3036509853901295,0.911,0.7938,0.4186,,30.02,,43,0.0,336.0,-4.841,-276.138,0.0,0.0,0.002,0.9915,9.2055,0.0285,0.0
0.2157,0.43,0.048,0.0002,0.7505,0.0,1.0,0.3036509853901295,0.911,0.7938,0.4186,,30.01,,44,1.0,336.0,-4.7693,-280.9073,0.0,0.0,0.002,0.9908,9.4198,0.0286,0.0
0.2157,0.4315,0.0484,0.0002,0.7502,0.0,1.0,0.3036509853901295,0.911,0.7938,0.4186,,30.0,,45,2.0,336.0,-4.7109,-285.6182,0.0,0.0,0.002,0.9904,9.6341,0.0287,0.0
0.2157,0.4329,0.0488,0.0003,0.7501,0.0,1.0,0.3036509853901295,0.911,0.7938,0.4186,,30.0,,46,3.0,336.0,-4.66,-290.2782,0.0,0.0,0.002,0.9902,9.8484,0.0286,0.0
0.2157,0.4342,0.0492,0.0003,0.7501,0.0,1.0,0.3036509853901295,0.911,0.7938,0.4186,,30.0,,47,4.0,336.0,-4.6133,-294.8915,0.0,0.0,0.002,0.9901,10.0627,0.0286,0.0
0.2161,0.4354,0.0433,0.0004,0.75,0.0,1.0,0.304407101992432,0.9132,0.797,0.4199,,30.16,,48,5.0,336.0,-4.7557,-299.6472,0.0,0.0,0.0021,0.9954,10.277,0.0285,0.0
0.2161,0.4366,0.0401,0.0003,0.754,0.0656,1.0,0.304407101992432,0.9132,0.797,0.4199,,30.38,,49,6.0,336.0,-5.1052,-304.7524,0.0,0.0,0.0023,1.0065,10.4914,0.0289,0.0
0.2161,0.4378,0.0372,0.0002,0.7594,0.1225,1.0,0.304407101992432,0.9132,0.797,0.4199,,30.6,,50,7.0,336.0,-5.5043,-310.2567,0.0,0.0,0.0024,1.0192,10.706,0.0292,0.0
0.2161,0.4391,0.0341,0.0,0.765,0.1706,1.0,0.304407101992432,0.9132,0.797,0.4199,,30.8,,51,8.0,336.0,-5.8878,-316.1445,0.0,0.0,0.0025,1.0316,10.9208,0.0294,0.0
0.2161,0.4403,0.031,0.0,0.7701,0.21,1.0,0.304407101992432,0.9132,0.797,0.4199,,30.98,,52,9.0,336.0,-6.2216,-322.3662,0.0,0.0,0.0025,1.0427,11.1355,0.0296,0.0
0.2161,0.4414,0.0279,0.0,0.7744,0.2406,1.0,0.304407101992432,0.9132,0.797,0.4199,,31.12,,53,10.0,336.0,-6.4889,-328.8551,0.0,0.0,0.0026,1.0518,11.3504,0.0297,0.0
0.2161,0.4426,0.0249,0.0,0.7779,0.2625,1.0,0.304407101992432,0.9132,0.797,0.4199,,31.22,,54,11.0,336.0,-6.6817,-335.5368,0.0,0.0,0.0026,1.0588,11.5653,0.0298,0.0
0.2161,0.4437,0.0219,0.0,0.7804,0.2756,1.0,0.304407101992432,0.9132,0.797,0.4199,,31.28,,55,12.0,336.0,-6.7959,-342.3327,0.0,0.0,0.0026,1.0634,11.7802,0.0298,0.0
0.2161,0.4448,0.019,0.0,0.7819,0.28,1.0,0.304407101992432,0.9132,0.797,0.4199,,31.29,,56,13.0,336.0,-6.8298,-349.1625,0.0,0.0,0.0026,1.0655,11.995,0.0297,0.0
0.2161,0.4458,0.0162,0.0,0.7824,0.2756,1.0,0.304407101992432,0.9132,0.797,0.4199,,31.27,,57,14.0,336.0,-6.7824,-355.9449,0.0,0.0,0.0026,1.0652,12.2098,0.0296,0.0
0.2161,0.4468,0.0134,0.0,0.7818,0.2625,1.0,0.304407101992432,0.9132,0.797,0.4199,,31.21,,58,15.0,336.0,-6.6535,-362.5984,0.0,0.0,0.0025,1.0623,12.4246,0.0295,0.0
0.2161,0.4478,0.0107,0.0,0.7802,0.2406,1.0,0.304407101992432,0.9132,0.797,0.4199,,31.1,,59,16.0,336.0,-6.4429,-369.0413,0.0,0.0,0.0025,1.057,12.6392,0.0293,0.0
0.2161,0.4487,0.0082,0.0,0.7775,0.21,1.0,0.304407101992432,0.9132,0.797,0.4199,,30.95,,60,17.0,336.0,-6.1505,-375.1918,0.0,0.0,0.0024,1.0492,12.8538,0.0291,0.0
0.2161,0.4496,0.006,0.0,0.7739,0.1706,1.0,0.304407101992432,0.9132,0.797,0.4199,,30.77,,61,18.0,336.0,-5.7764,-380.9682,0.0,0.0,0.0023,1.0389,13.0682,0.0288,0.0
0.2161,0.4504,0.0045,0.0,0.7691,0.1225,1.0,0.304407101992432,0.9132,0.797,0.4199,,30.53,,62,19.0,336.0,-5.3208,-386.289,0.0,0.0,0.0022,1.0264,13.2824,0.0285,0.0
0.2161,0.4512,0.0049,0.0,0.7634,0.0656,1.0,0.304407101992432,0.9132,0.797,0.4199,,30.26,,63,20.0,336.0,-4.7835,-391.0725,0.0,0.0,0.002,1.0115,13.4964,0.0281,0.0
0.2161,0.4518,0.0053,0.0,0.7565,0.0,1.0,0.304407101992432,0.9132,0.797,0.4199,,30.13,,64,21.0,336.0,-4.3817,-395.4542,0.0,0.0,0.002,1.0005,13.7103,0.0277,0.0
0.2161,0.4524,0.0057,0.0,0.7532,0.0,1.0,0.304407101992432,0.9132,0.797,0.4199,,30.06,,65,22.0,336.0,-4.174,-399.6282,0.0,0.0,0.002,0.9952,13.9241,0.0277,0.0
0.2161,0.453,0.0061,0.0001,0.7516,0.0,1.0,0.304407101992432,0.9132,0.797,0.4199,,30.03,,66,23.0,336.0,-4.0619,-403.69,0.0,0.0,0.002,0.9925,14.138,0.0277,0.0
0.2161,0.4536,0.0064,0.0001,0.7508,0.0,1.0,0.304407101992432,0.9132,0.797,0.4199,,30.02,,67,0.0,336.0,-3.9969,-407.687,0.0,0.0,0.002,0.9913,14.3519,0.0277,0.0
0.2161,0.4542,0.0068,0.0002,0.7504,0.0,1.0,0.304407101992432,0.9132,0.797,0.4199,,30.01,,68,1.0,336.0,-3.9555,-411.6424,0.0,0.0,0.002,0.9906,14.5657,0.0277,0.0
0.2161,0.4547,0.0072,0.0002,0.7502,0.0,1.0,0.304407101992432,0.9132,0.797,0.4199,,30.0,,69,2.0,336.0,-3.9259,-415.5683,0.0,0.0,0.002,0.9903,14.7796,0.0277,0.0
0.2161,0.4553,0.0076,0.0003,0.7501,0.0,1.0,0.304407101992432,0.9132,0.797,0.4199,,30.0,,70,3.0,336.0,-3.9024,-419.4707,0.0,0.0,0.002,0.9902,14.9934,0.0277,0.0
0.2161,0.4558,0.008,0.0004,0.75,0.0,1.0,0.304407101992432,0.9132,0.797,0.4199,,30.0,,71,4.0,336.0,-3.8823,-423.353,0.0,0.0,0.002,0.9901,15.2072,0.0277,0.0
0.2166,0.4562,0.0034,0.0004,0.75,0.0,1.0,0.3051620236402129,0.9155,0.8002,0.4213,,30.16,,72,5.0,336.0,-4.0508,-427.4038,0.0,0.0,0.0021,0.9954,15.421,0.0276,0.0
0.2166,0.4567,0.0009,0.0003,0.754,0.0656,1.0,0.3051620236402129,0.9155,0.8002,0.4213,,30.38,,73,6.0,336.0,-4.4255,-431.8294,0.0,0.0,0.0023,1.0065,15.6351,0.0281,0.0
0.2166,0.4571,0.0004,0.0002,0.7594,0.1225,1.0,0.3051620236402129,0.9155,0.8002,0.4213,,30.6,,74,7.0,336.0,-4.8494,-436.6787,0.0,0.0,0.0024,1.0192,15.8493,0.0284,0.0
0.2166,0.4576,0.0004,0.0,0.765,0.1706,1.0,0.3051620236402129,0.9155,0.8002,0.4213,,30.8,,75,8.0,336.0,-5.257,-441.9358,0.0,0.0,0.0025,1.0316,16.0636,0.0287,0.0
0.2166,0.4582,0.0004,0.0,0.7701,0.21,1.0,0.3051620236402129,0.9155,0.8002,0.4213,,30.98,,76,9.0,336.0,-5.6143,-447.5501,0.0,0.0,0.0025,1.0427,16.278,0.0289,0.0
0.2166,0.4587,0.0004,0.0,0.7744,0.2406,1.0,0.3051620236402129,0.9155,0.8002,0.4213,,31.12,,77,10.0,336.0,-5.9044,-453.4545,0.0,0.0,0.0026,1.0518,16.4925,0.029,0.0
0.2166,0.4592,0.0004,0.0,0.7779,0.2625,1.0,0.3051620236402129,0.9155,0.8002,0.4213,,31.22,,78,11.0,336.0,-6.1193,-459.5738,0.0,0.0,0.0026,1.0588,16.7071,0.0291,0.0
0.2166,0.4597,0.0004,0.0,0.7804,0.2756,1.0,0.3051620236402129,0.9155,0.8002,0.4213,,31.28,,79,12.0,336.0,-6.2551,-465.8289,0.0,0.0,0.0026,1.0634,16.9216,0.0291,0.0
0.2166,0.4602,0.0004,0.0,0.7819,0.28,1.0,0.3051620236402129,0.9155,0.8002,0.4213,,31.29,,80,13.0,336.0,-6.3098,-472.1387,0.0,0.0,0.0026,1.0655,17.1362,0.0291,0.0
0.2166,0.4607,0.0004,0.0,0.7824,0.2756,1.0,0.3051620236402129,0.9155,0.8002,0.4213,,31.27,,81,14.0,336.0,-6.2826,-478.4213,0.0,0.0,0.0026,1.0652,17.3507,0.029,0.0
0.2166,0.4612,0.0004,0.0,0.7818,0.2625,1.0,0.3051620236402129,0.9155,0.8002,0.4213,,31.21,,82,15.0,336.0,-6.1731,-484.5945,0.0,0.0,0.0026,1.0623,17.5652,0.0289,0.0
0.2166,0.4616,0.0004,0.0,0.7802,0.2406,1.0,0.3051620236402129,0.9155,0.8002,0.4213,,31.1,,83,16.0,336.0,-5.9812,-490.5757,0.0,0.0,0.0025,1.057,17.7796,0.0288,0.0
0.2166,0.4621,0.0004,0.0,0.7775,0.21,1.0,0.3051620236402129,0.9155,0.8002,0.4213,,30.95,,84,17.0,336.0,-5.7069,-496.2826,0.0,0.0,0.0024,1.0492,17.9938,0.0286,0.0
0.2166,0.4625,0.0004,0.0,0.7739,0.1706,1.0,0.3051620236402129,0.9155,0.8002,0.4213,,30.77,,85,18.0,336.0,-5.3501,-501.6327,0.0,0.0,0.0023,1.0389,18.208,0.0283,0.0
0.2166,0.4629,0.0004,0.0,0.7691,0.1225,1.0,0.3051620236402129,0.9155,0.8002,0.4213,,30.53,,86,19.0,336.0,-4.911,-506.5436,0.0,0.0,0.0022,1.0264,18.422,0.028,0.0
0.2166,0.4632,0.0008,0.0,0.7634,0.0656,1.0,0.3051620236402129,0.9155,0.8002,0.4213,,30.26,,87,20.0,336.0,-4.3896,-510.9333,0.0,0.0,0.002,1.0115,18.6358,0.0276,0.0
0.2166,0.4634,0.0012,0.0,0.7565,0.0,1.0,0.3051620236402129,0.9155,0.8002,0.4213,,30.13,,88,21.0,336.0,-4.0026,-514.9359,0.0,0.0,0.002,1.0005,18.8494,0.0272,0.0
0.2166,0.4636,0.0015,0.0,0.7532,0.0,1.0,0.3051620236402129,0.9155,0.8002,0.4213,,30.06,,89,22.0,336.0,-3.8093,-518.7452,0.0,0.0,0.002,0.9952,19.0631,0.0273,0.0
0.2166,0.4638,0.0019,0.0001,0.7516,0.0,1.0,0.3051620236402129,0.9155,0.8002,0.4213,,30.03,,90,23.0,336.0,-3.7111,-522.4563,0.0,0.0,0.002,0.9925,19.2767,0.0273,0.0
0.2166,0.464,0.0023,0.0001,0.7508,0.0,1.0,0.3051620236402129,0.9155,0.8002,0.4213,,30.02,,91,0.0,336.0,-3.6596,-526.116,0.0,0.0,0.002,0.9913,19.4904,0.0273,0.0
0.2166,0.4642,0.0027,0.0002,0.7504,0.0,1.0,0.3051620236402129,0.9155,0.8002,0.4213,,30.01,,92,1.0,336.0,-3.6312,-529.7471,0.0,0.0,0.002,0.9906,19.7041,0.0273,0.0
0.2166,0.4644,0.0031,0.0002,0.7502,0.0,1.0,0.3051620236402129,0.9155,0.8002,0.4213,,30.0,,93,2.0,336.0,-3.6141,-533.3612,0.0,0.0,0.002,0.9903,19.9177,0.0273,0.0
0.2166,0.4647,0.0035,0.0003,0.7501,0.0,1.0,0.3051620236402129,0.9155,0.8002,0.4213,,30.0,,94,3.0,336.0,-3.6026,-536.9638,0.0,0.0,0.002,0.9902,20.1314,0.0273,0.0
0.2166,0.4648,0.0038,0.0004,0.75,0.0,1.0,0.3051620236402129,0.9155,0.8002,0.4213,,30.0,,95,4.0,336.0,-3.5941,-540.5579,0.0,0.0,0.002,0.9901,20.3451,0.0273,0.0
0.2171,0.4649,0.0004,0.0004,0.75,0.0,1.0,0.30591578749973564,0.9177,0.8033,0.4226,,30.16,,96,5.0,336.0,-3.7734,-544.3314,0.0,0.0,0.0021,0.9954,20.5587,0.0273,0.0
0.2171,0.4651,0.0004,0.0003,0.754,0.0656,1.0,0.30591578749973564,0.9177,0.8033,0.4226,,30.38,,97,6.0,336.0,-4.1587,-548.4901,0.0,0.0,0.0023,1.0065,20.7726,0.0278,0.0
0.2171,0.4653,0.0004,0.0002,0.7594,0.1225,1.0,0.30591578749973564,0.9177,0.8033,0.4226,,30.6,,98,7.0,336.0,-4.5928,-553.0829,0.0,0.0,0.0024,1.0192,20.9867,0.0281,0.0
0.2171,0.4655,0.0004,0.0,0.765,0.1706,1.0,0.30591578749973564,0.9177,0.8033,0.4226,,30.8,,99,8.0,336.0,-5.0104,-558.0933,0.0,0.0,0.0025,1.0316,21.2008,0.0284,0.0
0.2171,0.4657,0.0004,0.0,0.7701,0.21,1.0,0.30591578749973564,0.9177,0.8033,0.4226,,30.98,,100,9.0,336.0,-5.3773,-563.4705,0.0,0.0,0.0025,1.0427,21.4151,0.0286,0.0
0.2171,0.466,0.0004,0.0,0.7744,0.2406,1.0,0.30591578749973564,0.9177,0.8033,0.4226,,31.12,,101,10.0,336.0,-5.6767,-569.1473,0.0,0.0,0.0026,1.0518,21.6295,0.0287,0.0
0.2171,0.4663,0.0004,0.0,0.7779,0.2625,1.0,0.30591578749973564,0.9177,0.8033,0.4226,,31.22,,102,11.0,336.0,-5.9007,-575.0479,0.0,0.0,0.0026,1.0588,21.8439,0.0288,0.0
0.2171,0.4665,0.0004,0.0,0.7804,0.2756,1.0,0.30591578749973564,0.9177,0.8033,0.4226,,31.28,,103,12.0,336.0,-6.0451,-581.093,0.0,0.0,0.0026,1.0634,22.0584,0.0289,0.0
0.2171,0.4668,0.0004,0.0,0.7819,0.28,1.0,0.30591578749973564,0.9177,0.8033,0.4226,,31.29,,104,13.0,336.0,-6.1082,-587.2012,0.0,0.0,0.0026,1.0655,22.2728,0.0289,0.0
0.2171,0.4671,0.0004,0.0,0.7824,0.2756,1.0,0.30591578749973564,0.9177,0.8033,0.4226,,31.27,,105,14.0,336.0,-6.0891,-593.2903,0.0,0.0,0.0026,1.0652,22.4872,0.0288,0.0
0.2171,0.4673,0.0004,0.0,0.7818,0.2625,1.0,0.30591578749973564,0.9177,0.8033,0.4226,,31.21,,106,15.0,336.0,-5.9873,-599.2776,0.0,0.0,0.0026,1.0623,22.7016,0.0287,0.0
0.2171,0.4676,0.0004,0.0,0.7802,0.2406,1.0,0.30591578749973564,0.9177,0.8033,0.4226,,31.1,,107,16.0,336.0,-5.8028,-605.0804,0.0,0.0,0.0025,1.057,22.9159,0.0286,0.0
0.2171,0.4678,0.0004,0.0,0.7775,0.21,1.0,0.30591578749973564,0.9177,0.8033,0.4226,,30.95,,108,17.0,336.0,-5.5355,-610.6159,0.0,0.0,0.0024,1.0492,23.13,0.0284,0.0
0.2171,0.468,0.0004,0.0,0.7739,0.1706,1.0,0.30591578749973564,0.9177,0.8033,0.4226,,30.77,,109,18.0,336.0,-5.1855,-615.8014,0.0,0.0,0.0023,1.0389,23.3441,0.0281,0.0
0.2171,0.4682,0.0004,0.0,0.7691,0.1225,1.0,0.30591578749973564,0.9177,0.8033,0.4226,,30.53,,110,19.0,336.0,-4.7529,-620.5543,0.0,0.0,0.0022,1.0264,23.558,0.0278,0.0
0.2171,0.4683,0.0008,0.0,0.7634,0.0656,1.0,0.30591578749973564,0.9177,0.8033,0.4226,,30.26,,111,20.0,336.0,-4.2377,-624.792,0.0,0.0,0.002,1.0115,23.7717,0.0275,0.0
0.2171,0.4683,0.0012,0.0,0.7565,0.0,1.0,0.30591578749973564,0.9177,0.8033,0.4226,,30.13,,112,21.0,336.0,-3.8561,-628.6481,0.0,0.0,0.002,1.0005,23.9853,0.0271,0.0
0.2171,0.4684,0.0015,0.0,0.7532,0.0,1.0,0.30591578749973564,0.9177,0.8033,0.4226,,30.06,,113,22.0,336.0,-3.6683,-632.3164,0.0,0.0,0.002,0.9952,24.1988,0.0271,0.0
0.2171,0.4684,0.0019,0.0001,0.7516,0.0,1.0,0.30591578749973564,0.9177,0.8033,0.4226,,30.03,,114,23.0,336.0,-3.5753,-635.8917,0.0,0.0,0.002,0.9925,24.4124,0.0272,0.0
0.2171,0.4685,0.0023,0.0001,0.7508,0.0,1.0,0.30591578749973564,0.9177,0.8033,0.4226,,30.02,,115,0.0,336.0,-3.5289,-639.4205,0.0,0.0,0.002,0.9913,24.626,0.0272,0.0
0.2171,0.4685,0.0027,0.0002,0.7504,0.0,1.0,0.30591578749973564,0.9177,0.8033,0.4226,,30.01,,116,1.0,336.0,-3.5052,-642.9258,0.0,0.0,0.002,0.9906,24.8396,0.0272,0.0
0.2171,0.4686,0.0031,0.0002,0.7502,0.0,1.0,0.30591578749973564,0.9177,0.8033,0.4226,,30.0,,117,2.0,336.0,-3.4928,-646.4186,0.0,0.0,0.002,0.9903,25.0532,0.0272,0.0
0.2171,0.4687,0.0035,0.0003,0.7501,0.0,1.0,0.30591578749973564,0.9177,0.8033,0.4226,,30.0,,118,3.0,336.0,-3.4859,-649.9045,0.0,0.0,0.002,0.9902,25.2668,0.0272,0.0
0.2171,0.4687,0.0038,0.0004,0.75,0.0,1.0,0.30591578749973564,0.9177,0.8033,0.4226,,30.0,,119,4.0,336.0,-3.4818,-653.3863,0.0,0.0,0.002,0.9901,25.4804,0.0272,0.0
0.2176,0.4686,0.0004,0.0004,0.75,0.0,1.0,0.306668409853031,0.92,0.8065,0.424,,30.16,,120,5.0,336.0,-3.665,-657.0513,0.0,0.0,0.0021,0.9954,25.694,0.0272,0.0
0.2176,0.4687,0.0004,0.0003,0.754,0.0656,1.0,0.306668409853031,0.92,0.8065,0.424,,30.38,,121,6.0,336.0,-4.0543,-661.1056,0.0,0.0,0.0023,1.0065,25.9078,0.0276,0.0
0.2176,0.4687,0.0004,0.0002,0.7594,0.1225,1.0,0.306668409853031,0.92,0.8065,0.424,,30.6,,122,7.0,336.0,-4.4923,-665.5979,0.0,0.0,0.0024,1.0192,26.1218,0.028,0.0
0.2176,0.4688,0.0004,0.0,0.765,0.1706,1.0,0.306668409853031,0.92,0.8065,0.424,,30.8,,123,8.0,336.0,-4.9137,-670.5117,0.0,0.0,0.0025,1.0316,26.3359,0.0283,0.0
0.2176,0.469,0.0004,0.0,0.7701,0.21,1.0,0.306668409853031,0.92,0.8065,0.424,,30.98,,124,9.0,336.0,-5.2844,-675.796,0.0,0.0,0.0025,1.0427,26.5501,0.0285,0.0
0.2176,0.4691,0.0004,0.0,0.7744,0.2406,1.0,0.306668409853031,0.92,0.8065,0.424,,31.12,,125,10.0,336.0,-5.5875,-681.3835,0.0,0.0,0.0026,1.0518,26.7644,0.0286,0.0
0.2176,0.4693,0.0004,0.0,0.7779,0.2625,1.0,0.306668409853031,0.92,0.8065,0.424,,31.22,,126,11.0,336.0,-5.8149,-687.1985,0.0,0.0,0.0026,1.0588,26.9788,0.0287,0.0
0.2176,0.4694,0.0004,0.0,0.7804,0.2756,1.0,0.306668409853031,0.92,0.8065,0.424,,31.28,,127,12.0,336.0,-5.9628,-693.1613,0.0,0.0,0.0026,1.0634,27.1932,0.0288,0.0
0.2176,0.4696,0.0004,0.0,0.7819,0.28,1.0,0.306668409853031,0.92,0.8065,0.424,,31.29,,128,13.0,336.0,-6.0292,-699.1905,0.0,0.0,0.0026,1.0655,27.4076,0.0288,0.0
0.2176,0.4697,0.0004,0.0,0.7824,0.2756,1.0,0.306668409853031,0.92,0.8065,0.424,,31.27,,129,14.0,336.0,-6.0132,-705.2037,0.0,0.0,0.0026,1.0652,27.6219,0.0287,0.0
0.2176,0.4699,0.0004,0.0,0.7818,0.2625,1.0,0.306668409853031,0.92,0.8065,0.424,,31.21,,130,15.0,336.0,-5.9145,-711.1181,0.0,0.0,0.0026,1.0623,27.8363,0.0286,0.0
0.2176,0.47,0.0004,0.0,0.7802,0.2406,1.0,0.306668409853031,0.92,0.8065,0.424,,31.1,,131,16.0,336.0,-5.7329,-716.851,0.0,0.0,0.0025,1.057,28.0505,0.0285,0.0
0.2176,0.4702,0.0004,0.0,0.7775,0.21,1.0,0.306668409853031,0.92,0.8065,0.424,,30.95,,132,17.0,336.0,-5.4684,-722.3194,0.0,0.0,0.0024,1.0492,28.2646,0.0283,0.0
0.2176,0.4703,0.0004,0.0,0.7739,0.1706,1.0,0.306668409853031,0.92,0.8065,0.424,,30.77,,133,18.0,336.0,-5.121,-727.4404,0.0,0.0,0.0023,1.0389,28.4786,0.028,0.0
0.2176,0.4704,0.0004,0.0,0.7691,0.1225,1.0,0.306668409853031,0.92,0.8065,0.424,,30.53,,134,19.0,336.0,-4.6909,-732.1313,0.0,0.0,0.0022,1.0264,28.6925,0.0277,0.0
0.2176,0.4705,0.0008,0.0,0.7634,0.0656,1.0,0.306668409853031,0.92,0.8065,0.424,,30.26,,135,20.0,336.0,-4.1781,-736.3094,0.0,0.0,0.002,1.0115,28.9062,0.0274,0.0
0.2176,0.4704,0.0012,0.0,0.7565,0.0,1.0,0.306668409853031,0.92,0.8065,0.424,,30.13,,136,21.0,336.0,-3.7986,-740.108,0.0,0.0,0.002,1.0005,29.1197,0.027,0.0
0.2176,0.4704,0.0015,0.0,0.7532,0.0,1.0,0.306668409853031,0.92,0.8065,0.424,,30.06,,137,22.0,336.0,-3.6128,-743.7208,0.0,0.0,0.002,0.9952,29.3332,0.0271,0.0
0.2176,0.4704,0.0019,0.0001,0.7516,0.0,1.0,0.306668409853031,0.92,0.8065,0.424,,30.03,,138,23.0,336.0,-3.5219,-747.2427,0.0,0.0,0.002,0.9925,29.5468,0.0271,0.0
0.2176,0.4703,0.0023,0.0001,0.7508,0.0,1.0,0.306668409853031,0.92,0.8065,0.424,,30.02,,139,0.0,336.0,-3.4774,-750.7201,0.0,0.0,0.002,0.9913,29.7603,0.0271,0.0
0.2176,0.4703,0.0027,0.0002,0.7504,0.0,1.0,0.306668409853031,0.92,0.8065,0.424,,30.01,,140,1.0,336.0,-3.4557,-754.1758,0.0,0.0,0.002,0.9906,29.9739,0.0271,0.0
0.2176,0.4703,0.0031,0.0002,0.7502,0.0,1.0,0.306668409853031,0.92,0.8065,0.424,,30.0,,141,2.0,336.0,-3.4451,-757.6209,0.0,0.0,0.002,0.9903,30.1874,0.0271,0.0
0.2176,0.4703,0.0035,0.0003,0.7501,0.0,1.0,0.306668409853031,0.92,0.8065,0.424,,30.0,,142,3.0,336.0,-3.44,-761.0608,0.0,0.0,0.002,0.9902,30.401,0.0271,0.0
0.2176,0.4703,0.0038,0.0004,0.75,0.0,1.0,0.306668409853031,0.92,0.8065,0.424,,30.0,,143,4.0,336.0,-3.4375,-764.4983,0.0,0.0,0.002,0.9901,30.6146,0.0271,0.0
0.218,0.4702,0.0004,0.0004,0.75,0.0,1.0,0.30741989872998643,0.9223,0.8097,0.4254,,30.16,,144,5.0,336.0,-3.6223,-768.1206,0.0,0.0,0.0022,0.9954,30.8281,0.0271,0.0
0.218,0.4702,0.0004,0.0003,0.754,0.0656,1.0,0.30741989872998643,0.9223,0.8097,0.4254,,30.38,,145,6.0,336.0,-4.0132,-772.1338,0.0,0.0,0.0023,1.0065,31.0419,0.0276,0.0
0.218,0.4702,0.0004,0.0002,0.7594,0.1225,1.0,0.30741989872998643,0.9223,0.8097,0.4254,,30.6,,146,7.0,336.0,-4.4527,-776.5865,0.0,0.0,0.0024,1.0192,31.2559,0.0279,0.0
0.218,0.4702,0.0004,0.0,0.765,0.1706,1.0,0.30741989872998643,0.9223,0.8097,0.4254,,30.8,,147,8.0,336.0,-4.8757,-781.4622,0.0,0.0,0.0025,1.0316,31.47,0.0282,0.0
0.218,0.4703,0.0004,0.0,0.7701,0.21,1.0,0.30741989872998643,0.9223,0.8097,0.4254,,30.98,,148,9.0,336.0,-5.2479,-786.7101,0.0,0.0,0.0026,1.0427,31.6842,0.0284,0.0
0.218,0.4704,0.0004,0.0,0.7744,0.2406,1.0,0.30741989872998643,0.9223,0.8097,0.4254,,31.12,,149,10.0,336.0,-5.5525,-792.2625,0.0,0.0,0.0026,1.0518,31.8985,0.0286,0.0
0.218,0.4705,0.0004,0.0,0.7779,0.2625,1.0,0.30741989872998643,0.9223,0.8097,0.4254,,31.22,,150,11.0,336.0,-5.7814,-798.0439,0.0,0.0,0.0026,1.0588,32.1128,0.0287,0.0
0.218,0.4706,0.0004,0.0,0.7804,0.2756,1.0,0.30741989872998643,0.9223,0.8097,0.4254,,31.28,,151,12.0,336.0,-5.9306,-803.9745,0.0,0.0,0.0027,1.0634,32.3272,0.0287,0.0
0.218,0.4707,0.0004,0.0,0.7819,0.28,1.0,0.30741989872998643,0.9223,0.8097,0.4254,,31.29,,152,13.0,336.0,-5.9983,-809.9728,0.0,0.0,0.0026,1.0655,32.5416,0.0287,0.0
0.218,0.4708,0.0004,0.0,0.7824,0.2756,1.0,0.30741989872998643,0.9223,0.8097,0.4254,,31.27,,153,14.0,336.0,-5.9836,-815.9564,0.0,0.0,0.0026,1.0652,32.7559,0.0287,0.0
0.218,0.4709,0.0004,0.0,0.7818,0.2625,1.0,0.30741989872998643,0.9223,0.8097,0.4254,,31.21,,154,15.0,336.0,-5.8861,-821.8426,0.0,0.0,0.0026,1.0623,32.9702,0.0286,0.0
0.218,0.4711,0.0004,0.0,0.7802,0.2406,1.0,0.30741989872998643,0.9223,0.8097,0.4254,,31.1,,155,16.0,336.0,-5.7057,-827.5483,0.0,0.0,0.0025,1.057,33.1844,0.0284,0.0
0.218,0.4712,0.0004,0.0,0.7775,0.21,1.0,0.30741989872998643,0.9223,0.8097,0.4254,,30.95,,156,17.0,336.0,-5.4424,-832.9907,0.0,0.0,0.0024,1.0492,33.3986,0.0282,0.0
0.218,0.4712,0.0004,0.0,0.7739,0.1706,1.0,0.30741989872998643,0.9223,0.8097,0.4254,,30.77,,157,18.0,336.0,-5.0961,-838.0868,0.0,0.0,0.0023,1.0389,33.6125,0.028,0.0
0.218,0.4713,0.0004,0.0,0.7691,0.1225,1.0,0.30741989872998643,0.9223,0.8097,0.4254,,30.53,,158,19.0,336.0,-4.667,-842.7537,0.0,0.0,0.0022,1.0264,33.8264,0.0277,0.0
0.218,0.4714,0.0008,0.0,0.7634,0.0656,1.0,0.30741989872998643,0.9223,0.8097,0.4254,,30.26,,159,20.0,336.0,-4.1551,-846.9088,0.0,0.0,0.002,1.0115,34.0401,0.0273,0.0
0.218,0.4712,0.0012,0.0,0.7565,0.0,1.0,0.30741989872998643,0.9223,0.8097,0.4254,,30.13,,160,21.0,336.0,-3.7765,-850.6854,0.0,0.0,0.002,1.0005,34.2535,0.027,0.0
0.218,0.4712,0.0015,0.0,0.7532,0.0,1.0,0.30741989872998643,0.9223,0.8097,0.4254,,30.06,,161,22.0,336.0,-3.5915,-854.2769,0.0,0.0,0.002,0.9952,34.4671,0.027,0.0
0.218,0.4711,0.0019,0.0001,0.7516,0.0,1.0,0.30741989872998643,0.9223,0.8097,0.4254,,30.03,,162,23.0,336.0,-3.5014,-857.7783,0.0,0.0,0.002,0.9925,34.6806,0.0271,0.0
0.218,0.4711,0.0023,0.0001,0.7508,0.0,1.0,0.30741989872998643,0.9223,0.8097,0.4254,,30.02,,163,0.0,336.0,-3.4577,-861.236,0.0,0.0,0.002,0.9913,34.8941,0.0271,0.0
0.218,0.471,0.0027,0.0002,0.7504,0.0,1.0,0.30741989872998643,0.9223,0.8097,0.4254,,30.01,,164,1.0,336.0,-3.4368,-864.6728,0.0,0.0,0.002,0.9906,35.1077,0.0271,0.0
0.218,0.471,0.0031,0.0002,0.7502,0.0,1.0,0.30741989872998643,0.9223,0.8097,0.4254,,30.0,,165,2.0,336.0,-3.427,-868.0998,0.0,0.0,0.002,0.9903,35.3212,0.0271,0.0
0.218,0.471,0.0035,0.0003,0.7501,0.0,1.0,0.30741989872998643,0.9223,0.8097,0.4254,,30.0,,166,3.0,336.0,-3.4225,-871.5223,0.0,0.0,0.002,0.9902,35.5348,0.0271,0.0
0.218,0.4709,0.0038,0.0004,0.75,0.0,1.0,0.30741989872998643,0.9223,0.8097,0.4254,,30.0,,167,4.0,336.0,-3.4208,-874.9431,0.0,0.0,0.002,0.9901,35.7483,0.0271,0.0
0.2185,0.4708,0.0004,0.0004,0.75,0.0,1.0,0.30817025858846997,0.9245,0.8128,0.4267,,30.16,,168,5.0,336.0,-3.6062,-878.5493,0.0,0.0,0.0022,0.9954,35.9619,0.0271,0.0
0.2185,0.4707,0.0004,0.0003,0.754,0.0656,1.0,0.30817025858846997,0.9245,0.8128,0.4267,,30.38,,169,6.0,336.0,-3.9977,-882.5471,0.0,0.0,0.0023,1.0065,36.1757,0.0276,0.0
0.2185,0.4707,0.0004,0.0002,0.7594,0.1225,1.0,0.30817025858846997,0.9245,0.8128,0.4267,,30.6,,170,7.0,336.0,-4.438,-886.9851,0.0,0.0,0.0024,1.0192,36.3896,0.0279,0.0
0.2185,0.4707,0.0004,0.0,0.765,0.1706,1.0,0.30817025858846997,0.9245,0.8128,0.4267,,30.8,,171,8.0,336.0,-4.8616,-891.8467,0.0,0.0,0.0025,1.0316,36.6037,0.0282,0.0
0.2185,0.4708,0.0004,0.0,0.7701,0.21,1.0,0.30817025858846997,0.9245,0.8128,0.4267,,30.98,,172,9.0,336.0,-5.2344,-897.0811,0.0,0.0,0.0026,1.0427,36.8179,0.0284,0.0
0.2185,0.4709,0.0004,0.0,0.7744,0.2406,1.0,0.30817025858846997,0.9245,0.8128,0.4267,,31.12,,173,10.0,336.0,-5.5396,-902.6207,0.0,0.0,0.0026,1.0518,37.0322,0.0286,0.0
0.2185,0.4709,0.0004,0.0,0.7779,0.2625,1.0,0.30817025858846997,0.9245,0.8128,0.4267,,31.22,,174,11.0,336.0,-5.7691,-908.3898,0.0,0.0,0.0026,1.0588,37.2465,0.0287,0.0
0.2185,0.471,0.0004,0.0,0.7804,0.2756,1.0,0.30817025858846997,0.9245,0.8128,0.4267,,31.28,,175,12.0,336.0,-5.919,-914.3088,0.0,0.0,0.0027,1.0634,37.4609,0.0287,0.0
0.2185,0.4711,0.0004,0.0,0.7819,0.28,1.0,0.30817025858846997,0.9245,0.8128,0.4267,,31.29,,176,13.0,336.0,-5.9873,-920.2961,0.0,0.0,0.0027,1.0655,37.6753,0.0287,0.0
0.2185,0.4712,0.0004,0.0,0.7824,0.2756,1.0,0.30817025858846997,0.9245,0.8128,0.4267,,31.27,,177,14.0,336.0,-5.9731,-926.2692,0.0,0.0,0.0026,1.0652,37.8896,0.0287,0.0
0.2185,0.4713,0.0004,0.0,0.7818,0.2625,1.0,0.30817025858846997,0.9245,0.8128,0.4267,,31.21,,178,15.0,336.0,-5.8762,-932.1453,0.0,0.0,0.0026,1.0623,38.1039,0.0286,0.0
0.2185,0.4714,0.0004,0.0,0.7802,0.2406,1.0,0.30817025858846997,0.9245,0.8128,0.4267,,31.1,,179,16.0,336.0,-5.6962,-937.8416,0.0,0.0,0.0025,1.057,38.3181,0.0284,0.0
0.2185,0.4715,0.0004,0.0,0.7775,0.21,1.0,0.30817025858846997,0.9245,0.8128,0.4267,,30.95,,180,17.0,336.0,-5.4334,-943.2749,0.0,0.0,0.0024,1.0492,38.5322,0.0282,0.0
0.2185,0.4716,0.0004,0.0,0.7739,0.1706,1.0,0.30817025858846997,0.9245,0.8128,0.4267,,30.77,,181,18.0,336.0,-5.0875,-948.3625,0.0,0.0,0.0023,1.0389,38.7462,0.028,0.0
0.2185,0.4716,0.0004,0.0,0.7691,0.1225,1.0,0.30817025858846997,0.9245,0.8128,0.4267,,30.53,,182,19.0,336.0,-4.6588,-953.0213,0.0,0.0,0.0022,1.0264,38.96,0.0277,0.0
0.2185,0.4717,0.0008,0.0,0.7634,0.0656,1.0,0.30817025858846997,0.9245,0.8128,0.4267,,30.26,,183,20.0,336.0,-4.1474,-957.1687,0.0,0.0,0.002,1.0115,39.1737,0.0273,0.0
0.2185,0.4715,0.0012,0.0,0.7565,0.0,1.0,0.30817025858846997,0.9245,0.8128,0.4267,,30.13,,184,21.0,336.0,-3.7691,-960.9378,0.0,0.0,0.002,1.0005,39.3872,0.0269,0.0
0.2185,0.4714,0.0015,0.0,0.7532,0.0,1.0,0.30817025858846997,0.9245,0.8128,0.4267,,30.06,,185,22.0,336.0,-3.5845,-964.5223,0.0,0.0,0.002,0.9952,39.6007,0.027,0.0
0.2185,0.4714,0.0019,0.0001,0.7516,0.0,1.0,0.30817025858846997,0.9245,0.8128,0.4267,,30.03,,186,23.0,336.0,-3.4947,-968.0171,0.0,0.0,0.002,0.9925,39.8142,0.0271,0.0
0.2185,0.4713,0.0023,0.0001,0.7508,0.0,1.0,0.30817025858846997,0.9245,0.8128,0.4267,,30.02,,187,0.0,336.0,-3.4514,-971.4684,0.0,0.0,0.002,0.9913,40.0278,0.0271,0.0
0.2185,0.4713,0.0027,0.0002,0.7504,0.0,1.0,0.30817025858846997,0.9245,0.8128,0.4267,,30.01,,188,1.0,336.0,-3.4308,-974.8992,0.0,0.0,0.002,0.9906,40.2413,0.0271,0.0
0.2185,0.4712,0.0031,0.0002,0.7502,0.0,1.0,0.30817025858846997,0.9245,0.8128,0.4267,,30.0,,189,2.0,336.0,-3.4212,-978.3204,0.0,0.0,0.002,0.9903,40.4548,0.0271,0.0
0.2185,0.4712,0.0035,0.0003,0.7501,0.0,1.0,0.30817025858846997,0.9245,0.8128,0.4267,,30.0,,190,3.0,336.0,-3.4171,-981.7376,0.0,0.0,0.002,0.9902,40.6684,0.0271,0.0
0.2185,0.4711,0.0038,0.0004,0.75,0.0,1.0,0.30817025858846997,0.9245,0.8128,0.4267,,30.0,,191,4.0,336.0,-3.4157,-985.1532,0.0,0.0,0.002,0.9901,40.8819,0.0271,0.0
0.219,0.471,0.0004,0.0004,0.75,0.0,1.0,0.3089194923254527,0.9268,0.816,0.4281,,30.16,,192,5.0,336.0,-3.6014,-988.7546,0.0,0.0,0.0022,0.9954,41.0955,0.0271,0.0
0.219,0.4709,0.0004,0.0003,0.754,0.0656,1.0,0.3089194923254527,0.9268,0.816,0.4281,,30.38,,193,6.0,336.0,-3.9932,-992.7478,0.0,0.0,0.0023,1.0065,41.3093,0.0275,0.0
0.219,0.4709,0.0004,0.0002,0.7594,0.1225,1.0,0.3089194923254527,0.9268,0.816,0.4281,,30.6,,194,7.0,336.0,-4.4337,-997.1815,0.0,0.0,0.0024,1.0192,41.5232,0.0279,0.0
0.219,0.4709,0.0004,0.0,0.765,0.1706,1.0,0.3089194923254527,0.9268,0.816,0.4281,,30.8,,195,8.0,336.0,-4.8576,-1002.0391,0.0,0.0,0.0025,1.0316,41.7373,0.0282,0.0
0.219,0.4709,0.0004,0.0,0.7701,0.21,1.0,0.3089194923254527,0.9268,0.816,0.4281,,30.98,,196,9.0,336.0,-5.2307,-1007.2698,0.0,0.0,0.0026,1.0427,41.9515,0.0284,0.0
0.219,0.471,0.0004,0.0,0.7744,0.2406,1.0,0.3089194923254527,0.9268,0.816,0.4281,,31.12,,197,10.0,336.0,-5.5362,-1012.806,0.0,0.0,0.0026,1.0518,42.1658,0.0286,0.0
0.219,0.4711,0.0004,0.0,0.7779,0.2625,1.0,0.3089194923254527,0.9268,0.816,0.4281,,31.22,,198,11.0,336.0,-5.766,-1018.572,0.0,0.0,0.0027,1.0588,42.3801,0.0287,0.0
0.219,0.4711,0.0004,0.0,0.7804,0.2756,1.0,0.3089194923254527,0.9268,0.816,0.4281,,31.28,,199,12.0,336.0,-5.9161,-1024.4881,0.0,0.0,0.0027,1.0634,42.5945,0.0287,0.0
0.219,0.4712,0.0004,0.0,0.7819,0.28,1.0,0.3089194923254527,0.9268,0.816,0.4281,,31.29,,200,13.0,336.0,-5.9846,-1030.4727,0.0,0.0,0.0027,1.0655,42.8088,0.0287,0.0
0.219,0.4713,0.0004,0.0,0.7824,0.2756,1.0,0.3089194923254527,0.9268,0.816,0.4281,,31.27,,201,14.0,336.0,-5.9707,-1036.4434,0.0,0.0,0.0026,1.0652,43.0232,0.0287,0.0
0.219,0.4714,0.0004,0.0,0.7818,0.2625,1.0,0.3089194923254527,0.9268,0.816,0.4281,,31.21,,202,15.0,336.0,-5.874,-1042.3174,0.0,0.0,0.0026,1.0623,43.2375,0.0286,0.0
0.219,0.4715,0.0004,0.0,0.7802,0.2406,1.0,0.3089194923254527,0.9268,0.816,0.4281,,31.1,,203,16.0,336.0,-5.6943,-1048.0117,0.0,0.0,0.0025,1.057,43.4517,0.0284,0.0
0.219,0.4716,0.0004,0.0,0.7775,0.21,1.0,0.3089194923254527,0.9268,0.816,0.4281,,30.95,,204,17.0,336.0,-5.4316,-1053.4433,0.0,0.0,0.0024,1.0492,43.6658,0.0282,0.0
0.219,0.4716,0.0004,0.0,0.7739,0.1706,1.0,0.3089194923254527,0.9268,0.816,0.4281,,30.77,,205,18.0,336.0,-5.086,-1058.5293,0.0,0.0,0.0023,1.0389,43.8798,0.028,0.0
0.219,0.4717,0.0004,0.0,0.7691,0.1225,1.0,0.3089194923254527,0.9268,0.816,0.4281,,30.53,,206,19.0,336.0,-4.6574,-1063.1867,0.0,0.0,0.0022,1.0264,44.0936,0.0277,0.0
0.219,0.4717,0.0008,0.0,0.7634,0.0656,1.0,0.3089194923254527,0.9268,0.816,0.4281,,30.26,,207,20.0,336.0,-4.1461,-1067.3328,0.0,0.0,0.002,1.0115,44.3073,0.0273,0.0
0.219,0.4716,0.0012,0.0,0.7565,0.0,1.0,0.3089194923254527,0.9268,0.816,0.4281,,30.13,,208,21.0,336.0,-3.7681,-1071.1009,0.0,0.0,0.002,1.0005,44.5208,0.0269,0.0
0.219,0.4715,0.0015,0.0,0.7532,0.0,1.0,0.3089194923254527,0.9268,0.816,0.4281,,30.06,,209,22.0,336.0,-3.5836,-1074.6845,0.0,0.0,0.002,0.9952,44.7343,0.027,0.0
0.219,0.4714,0.0019,0.0001,0.7516,0.0,1.0,0.3089194923254527,0.9268,0.816,0.4281,,30.03,,210,23.0,336.0,-3.4939,-1078.1784,0.0,0.0,0.002,0.9925,44.9478,0.0271,0.0
0.219,0.4713,0.0023,0.0001,0.7508,0.0,1.0,0.3089194923254527,0.9268,0.816,0.4281,,30.02,,211,0.0,336.0,-3.4507,-1081.6292,0.0,0.0,0.002,0.9913,45.1613,0.0271,0.0
0.219,0.4713,0.0027,0.0002,0.7504,0.0,1.0,0.3089194923254527,0.9268,0.816,0.4281,,30.01,,212,1.0,336.0,-3.4302,-1085.0594,0.0,0.0,0.002,0.9906,45.3749,0.0271,0.0
0.219,0.4712,0.0031,0.0002,0.7502,0.0,1.0,0.3089194923254527,0.9268,0.816,0.4281,,30.0,,213,2.0,336.0,-3.4209,-1088.4803,0.0,0.0,0.002,0.9903,45.5884,0.0271,0.0
0.219,0.4712,0.0035,0.0003,0.7501,0.0,1.0,0.3089194923254527,0.9268,0.816,0.4281,,30.0,,214,3.0,336.0,-3.4169,-1091.8971,0.0,0.0,0.002,0.9902,45.802,0.0271,0.0
0.219,0.4711,0.0038,0.0004,0.75,0.0,1.0,0.3089194923254527,0.9268,0.816,0.4281,,30.0,,215,4.0,336.0,-3.4155,-1095.3126,0.0,0.0,0.002,0.9901,46.0155,0.0271,0.0
0.2194,0.471,0.0004,0.0004,0.75,0.0,1.0,0.30966760215511835,0.929,0.8191,0.4294,,30.16,,216,5.0,336.0,-3.6014,-1098.9141,0.0,0.0,0.0022,0.9954,46.2291,0.0271,0.0
0.2194,0.4709,0.0004,0.0003,0.754,0.0656,1.0,0.30966760215511835,0.929,0.8191,0.4294,,30.38,,217,6.0,336.0,-3.9933,-1102.9074,0.0,0.0,0.0023,1.0065,46.4428,0.0275,0.0
0.2194,0.4709,0.0004,0.0002,0.7594,0.1225,1.0,0.30966760215511835,0.929,0.8191,0.4294,,30.6,,218,7.0,336.0,-4.4339,-1107.3413,0.0,0.0,0.0024,1.0192,46.6568,0.0279,0.0
0.2194,0.4709,0.0004,0.0,0.765,0.1706,1.0,0.30966760215511835,0.929,0.8191,0.4294,,30.8,,219,8.0,336.0,-4.858,-1112.1993,0.0,0.0,0.0025,1.0316,46.8709,0.0282,0.0
0.2194,0.4709,0.0004,0.0,0.7701,0.21,1.0,0.30966760215511835,0.929,0.8191,0.4294,,30.98,,220,9.0,336.0,-5.2312,-1117.4305,0.0,0.0,0.0026,1.0427,47.0851,0.0284,0.0
0.2194,0.471,0.0004,0.0,0.7744,0.2406,1.0,0.30966760215511835,0.929,0.8191,0.4294,,31.12,,221,10.0,336.0,-5.5368,-1122.9674,0.0,0.0,0.0026,1.0518,47.2994,0.0286,0.0
0.2194,0.471,0.0004,0.0,0.7779,0.2625,1.0,0.30966760215511835,0.929,0.8191,0.4294,,31.22,,222,11.0,336.0,-5.7667,-1128.7341,0.0,0.0,0.0027,1.0588,47.5137,0.0287,0.0
0.2194,0.4711,0.0004,0.0,0.7804,0.2756,1.0,0.30966760215511835,0.929,0.8191,0.4294,,31.28,,223,12.0,336.0,-5.917,-1134.6511,0.0,0.0,0.0027,1.0634,47.728,0.0287,0.0
0.2194,0.4712,0.0004,0.0,0.7819,0.28,1.0,0.30966760215511835,0.929,0.8191,0.4294,,31.29,,224,13.0,336.0,-5.9856,-1140.6367,0.0,0.0,0.0027,1.0655,47.9424,0.0287,0.0
0.2194,0.4713,0.0004,0.0,0.7824,0.2756,1.0,0.30966760215511835,0.929,0.8191,0.4294,,31.27,,225,14.0,336.0,-5.9718,-1146.6085,0.0,0.0,0.0026,1.0652,48.1567,0.0287,0.0
0.2194,0.4714,0.0004,0.0,0.7818,0.2625,1.0,0.30966760215511835,0.929,0.8191,0.4294,,31.21,,226,15.0,336.0,-5.8752,-1152.4837,0.0,0.0,0.0026,1.0623,48.371,0.0286,0.0
0.2194,0.4714,0.0004,0.0,0.7802,0.2406,1.0,0.30966760215511835,0.929,0.8191,0.4294,,31.1,,227,16.0,336.0,-5.6956,-1158.1793,0.0,0.0,0.0025,1.057,48.5852,0.0284,0.0
0.2194,0.4715,0.0004,0.0,0.7775,0.21,1.0,0.30966760215511835,0.929,0.8191,0.4294,,30.95,,228,17.0,336.0,-5.433,-1163.6123,0.0,0.0,0.0024,1.0492,48.7994,0.0282,0.0
0.2194,0.4716,0.0004,0.0,0.7739,0.1706,1.0,0.30966760215511835,0.929,0.8191,0.4294,,30.77,,229,18.0,336.0,-5.0874,-1168.6997,0.0,0.0,0.0023,1.0389,49.0133,0.028,0.0
0.2194,0.4716,0.0004,0.0,0.7691,0.1225,1.0,0.30966760215511835,0.929,0.8191,0.4294,,30.53,,230,19.0,336.0,-4.659,-1173.3587,0.0,0.0,0.0022,1.0264,49.2272,0.0277,0.0
0.2194,0.4716,0.0008,0.0,0.7634,0.0656,1.0,0.30966760215511835,0.929,0.8191,0.4294,,30.26,,231,20.0,336.0,-4.1477,-1177.5064,0.0,0.0,0.002,1.0115,49.4409,0.0273,0.0
0.2194,0.4715,0.0012,0.0,0.7565,0.0,1.0,0.30966760215511835,0.929,0.8191,0.4294,,30.13,,232,21.0,336.0,-3.7697,-1181.2761,0.0,0.0,0.002,1.0005,49.6543,0.0269,0.0
0.2194,0.4714,0.0015,0.0,0.7532,0.0,1.0,0.30966760215511835,0.929,0.8191,0.4294,,30.06,,233,22.0,336.0,-3.5853,-1184.8614,0.0,0.0,0.002,0.9952,49.8678,0.027,0.0
0.2194,0.4713,0.0019,0.0001,0.7516,0.0,1.0,0.30966760215511835,0.929,0.8191,0.4294,,30.03,,234,23.0,336.0,-3.4957,-1188.3572,0.0,0.0,0.002,0.9925,50.0814,0.0271,0.0
0.2194,0.4713,0.0023,0.0001,0.7508,0.0,1.0,0.30966760215511835,0.929,0.8191,0.4294,,30.02,,235,0.0,336.0,-3.4526,-1191.8097,0.0,0.0,0.002,0.9913,50.2949,0.0271,0.0
0.2194,0.4712,0.0027,0.0002,0.7504,0.0,1.0,0.30966760215511835,0.929,0.8191,0.4294,,30.01,,236,1.0,336.0,-3.4321,-1195.2418,0.0,0.0,0.002,0.9906,50.5084,0.0271,0.0
0.2194,0.4712,0.0031,0.0002,0.7502,0.0,1.0,0.30966760215511835,0.929,0.8191,0.4294,,30.0,,237,2.0,336.0,-3.4228,-1198.6646,0.0,0.0,0.002,0.9903,50.722,0.0271,0.0
0.2194,0.4711,0.0035,0.0003,0.7501,0.0,1.0,0.30966760215511835,0.929,0.8191,0.4294,,30.0,,238,3.0,336.0,-3.4189,-1202.0835,0.0,0.0,0.002,0.9902,50.9355,0.0271,0.0
0.2194,0.4711,0.0038,0.0004,0.75,0.0,1.0,0.30966760215511835,0.929,0.8191,0.4294,,30.0,,239,4.0,336.0,-3.4176,-1205.501,0.0,0.0,0.002,0.9901,51.1491,0.0271,0.0
0.2199,0.4709,0.0004,0.0004,0.75,0.0,1.0,0.3104145899922014,0.9312,0.8222,0.4307,,30.16,,240,5.0,336.0,-3.6035,-1209.1046,0.0,0.0,0.0022,0.9954,51.3626,0.0271,0.0
0.2199,0.4708,0.0004,0.0003,0.754,0.0656,1.0,0.3104145899922014,0.9312,0.8222,0.4307,,30.38,,241,6.0,336.0,-3.9955,-1213.1,0.0,0.0,0.0023,1.0065,51.5764,0.0276,0.0
0.2199,0.4708,0.0004,0.0002,0.7594,0.1225,1.0,0.3104145899922014,0.9312,0.8222,0.4307,,30.6,,242,7.0,336.0,-4.4362,-1217.5362,0.0,0.0,0.0024,1.0192,51.7904,0.0279,0.0
0.2199,0.4708,0.0004,0.0,0.765,0.1706,1.0,0.3104145899922014,0.9312,0.8222,0.4307,,30.8,,243,8.0,336.0,-4.8603,-1222.3965,0.0,0.0,0.0025,1.0316,52.0045,0.0282,0.0
0.2199,0.4708,0.0004,0.0,0.7701,0.21,1.0,0.3104145899922014,0.9312,0.8222,0.4307,,30.98,,244,9.0,336.0,-5.2336,-1227.63,0.0,0.0,0.0026,1.0427,52.2187,0.0284,0.0
0.2199,0.4709,0.0004,0.0,0.7744,0.2406,1.0,0.3104145899922014,0.9312,0.8222,0.4307,,31.12,,245,10.0,336.0,-5.5392,-1233.1693,0.0,0.0,0.0026,1.0518,52.4329,0.0286,0.0
0.2199,0.4709,0.0004,0.0,0.7779,0.2625,1.0,0.3104145899922014,0.9312,0.8222,0.4307,,31.22,,246,11.0,336.0,-5.7692,-1238.9385,0.0,0.0,0.0027,1.0588,52.6473,0.0287,0.0
0.2199,0.471,0.0004,0.0,0.7804,0.2756,1.0,0.3104145899922014,0.9312,0.8222,0.4307,,31.28,,247,12.0,336.0,-5.9195,-1244.858,0.0,0.0,0.0027,1.0634,52.8616,0.0287,0.0
0.2199,0.4711,0.0004,0.0,0.7819,0.28,1.0,0.3104145899922014,0.9312,0.8222,0.4307,,31.29,,248,13.0,336.0,-5.9882,-1250.8462,0.0,0.0,0.0027,1.0655,53.076,0.0287,0.0
0.2199,0.4712,0.0004,0.0,0.7824,0.2756,1.0,0.3104145899922014,0.9312,0.8222,0.4307,,31.27,,249,14.0,336.0,-5.9745,-1256.8206,0.0,0.0,0.0026,1.0652,53.2903,0.0287,0.0
0.2199,0.4713,0.0004,0.0,0.7818,0.2625,1.0,0.3104145899922014,0.9312,0.8222,0.4307,,31.21,,250,15.0,336.0,-5.8779,-1262.6985,0.0,0.0,0.0026,1.0623,53.5046,0.0286,0.0
0.2199,0.4713,0.0004,0.0,0.7802,0.2406,1.0,0.3104145899922014,0.9312,0.8222,0.4307,,31.1,,251,16.0,336.0,-5.6983,-1268.3968,0.0,0.0,0.0025,1.057,53.7188,0.0284,0.0
0.2199,0.4714,0.0004,0.0,0.7775,0.21,1.0,0.3104145899922014,0.9312,0.8222,0.4307,,30.95,,252,17.0,336.0,-5.4358,-1273.8326,0.0,0.0,0.0024,1.0492,53.9329,0.0282,0.0
0.2199,0.4715,0.0004,0.0,0.7739,0.1706,1.0,0.3104145899922014,0.9312,0.8222,0.4307,,30.77,,253,18.0,336.0,-5.0902,-1278.9228,0.0,0.0,0.0023,1.0389,54.1469,0.028,0.0
0.2199,0.4715,0.0004,0.0,0.7691,0.1225,1.0,0.3104145899922014,0.9312,0.8222,0.4307,,30.53,,254,19.0,336.0,-4.6618,-1283.5846,0.0,0.0,0.0022,1.0264,54.3608,0.0277,0.0
0.2199,0.4715,0.0008,0.0,0.7634,0.0656,1.0,0.3104145899922014,0.9312,0.8222,0.4307,,30.26,,255,20.0,336.0,-4.1506,-1287.7351,0.0,0.0,0.0021,1.0115,54.5745,0.0273,0.0
0.2199,0.4714,0.0012,0.0,0.7565,0.0,1.0,0.3104145899922014,0.9312,0.8222,0.4307,,30.13,,256,21.0,336.0,-3.7726,-1291.5077,0.0,0.0,0.002,1.0005,54.7879,0.0269,0.0
0.2199,0.4713,0.0015,0.0,0.7532,0.0,1.0,0.3104145899922014,0.9312,0.8222,0.4307,,30.06,,257,22.0,336.0,-3.5882,-1295.0959,0.0,0.0,0.002,0.9952,55.0014,0.027,0.0
0.2199,0.4712,0.0019,0.0001,0.7516,0.0,1.0,0.3104145899922014,0.9312,0.8222,0.4307,,30.03,,258,23.0,336.0,-3.4986,-1298.5945,0.0,0.0,0.002,0.9925,55.215,0.0271,0.0
0.2199,0.4712,0.0023,0.0001,0.7508,0.0,1.0,0.3104145899922014,0.9312,0.8222,0.4307,,30.02,,259,0.0,336.0,-3.4555,-1302.05,0.0,0.0,0.002,0.9913,55.4285,0.0271,0.0
0.2199,0.4711,0.0027,0.0002,0.7504,0.0,1.0,0.3104145899922014,0.9312,0.8222,0.4307,,30.01,,260,1.0,336.0,-3.4351,-1305.4851,0.0,0.0,0.002,0.9906,55.642,0.0271,0.0
0.2199,0.471,0.0031,0.0002,0.7502,0.0,1.0,0.3104145899922014,0.9312,0.8222,0.4307,,30.0,,261,2.0,336.0,-3.4257,-1308.9108,0.0,0.0,0.002,0.9903,55.8556,0.0271,0.0
0.2199,0.471,0.0035,0.0003,0.7501,0.0,1.0,0.3104145899922014,0.9312,0.8222,0.4307,,30.0,,262,3.0,336.0,-3.4218,-1312.3326,0.0,0.0,0.002,0.9902,56.0691,0.0271,0.0
0.2199,0.4709,0.0038,0.0004,0.75,0.0,1.0,0.3104145899922014,0.9312,0.8222,0.4307,,30.0,,263,4.0,336.0,-3.4205,-1315.7532,0.0,0.0,0.002,0.9901,56.2827,0.0271,0.0
0.2204,0.4708,0.0004,0.0004,0.75,0.0,1.0,0.3111604576192905,0.9335,0.8254,0.4321,,30.16,,264,5.0,336.0,-3.6065,-1319.3597,0.0,0.0,0.0022,0.9954,56.4963,0.0271,0.0
0.2204,0.4707,0.0004,0.0003,0.754,0.0656,1.0,0.3111604576192905,0.9335,0.8254,0.4321,,30.38,,265,6.0,336.0,-3.9985,-1323.3582,0.0,0.0,0.0023,1.0065,56.71,0.0276,0.0
0.2204,0.4707,0.0004,0.0002,0.7594,0.1225,1.0,0.3111604576192905,0.9335,0.8254,0.4321,,30.6,,266,7.0,336.0,-4.4392,-1327.7975,0.0,0.0,0.0024,1.0192,56.924,0.0279,0.0
0.2204,0.4707,0.0004,0.0,0.765,0.1706,1.0,0.3111604576192905,0.9335,0.8254,0.4321,,30.8,,267,8.0,336.0,-4.8634,-1332.6609,0.0,0.0,0.0025,1.0316,57.1381,0.0282,0.0
0.2204,0.4707,0.0004,0.0,0.7701,0.21,1.0,0.3111604576192905,0.9335,0.8254,0.4321,,30.98,,268,9.0,336.0,-5.2367,-1337.8976,0.0,0.0,0.0026,1.0427,57.3523,0.0284,0.0
0.2204,0.4708,0.0004,0.0,0.7744,0.2406,1.0,0.3111604576192905,0.9335,0.8254,0.4321,,31.12,,269,10.0,336.0,-5.5424,-1343.44,0.0,0.0,0.0026,1.0518,57.5666,0.0286,0.0
0.2204,0.4708,0.0004,0.0,0.7779,0.2625,1.0,0.3111604576192905,0.9335,0.8254,0.4321,,31.22,,270,11.0,336.0,-5.7724,-1349.2124,0.0,0.0,0.0027,1.0588,57.7809,0.0287,0.0
0.2204,0.4709,0.0004,0.0,0.7804,0.2756,1.0,0.3111604576192905,0.9335,0.8254,0.4321,,31.28,,271,12.0,336.0,-5.9227,-1355.1352,0.0,0.0,0.0027,1.0634,57.9953,0.0287,0.0
0.2204,0.471,0.0004,0.0,0.7819,0.28,1.0,0.3111604576192905,0.9335,0.8254,0.4321,,31.29,,272,13.0,336.0,-5.9915,-1361.1266,0.0,0.0,0.0027,1.0655,58.2096,0.0287,0.0
0.2204,0.4711,0.0004,0.0,0.7824,0.2756,1.0,0.3111604576192905,0.9335,0.8254,0.4321,,31.27,,273,14.0,336.0,-5.9778,-1367.1044,0.0,0.0,0.0027,1.0652,58.424,0.0287,0.0
0.2204,0.4711,0.0004,0.0,0.7818,0.2625,1.0,0.3111604576192905,0.9335,0.8254,0.4321,,31.21,,274,15.0,336.0,-5.8812,-1372.9856,0.0,0.0,0.0026,1.0623,58.6382,0.0286,0.0
0.2204,0.4712,0.0004,0.0,0.7802,0.2406,1.0,0.3111604576192905,0.9335,0.8254,0.4321,,31.1,,275,16.0,336.0,-5.7017,-1378.6873,0.0,0.0,0.0025,1.057,58.8525,0.0284,0.0
0.2204,0.4713,0.0004,0.0,0.7775,0.21,1.0,0.3111604576192905,0.9335,0.8254,0.4321,,30.95,,276,17.0,336.0,-5.4391,-1384.1264,0.0,0.0,0.0024,1.0492,59.0666,0.0282,0.0
0.2204,0.4713,0.0004,0.0,0.7739,0.1706,1.0,0.3111604576192905,0.9335,0.8254,0.4321,,30.77,,277,18.0,336.0,-5.0936,-1389.22,0.0,0.0,0.0023,1.0389,59.2806,0.028,0.0
0.2204,0.4714,0.0004,0.0,0.7691,0.1225,1.0,0.3111604576192905,0.9335,0.8254,0.4321,,30.53,,278,19.0,336.0,-4.6652,-1393.8852,0.0,0.0,0.0022,1.0264,59.4944,0.0277,0.0
0.2204,0.4714,0.0008,0.0,0.7634,0.0656,1.0,0.3111604576192905,0.9335,0.8254,0.4321,,30.26,,279,20.0,336.0,-4.1539,-1398.0391,0.0,0.0,0.0021,1.0115,59.7081,0.0273,0.0
0.2204,0.4713,0.0012,0.0,0.7565,0.0,1.0,0.3111604576192905,0.9335,0.8254,0.4321,,30.13,,280,21.0,336.0,-3.776,-1401.8151,0.0,0.0,0.002,1.0005,59.9216,0.0269,0.0
0.2204,0.4712,0.0015,0.0,0.7532,0.0,1.0,0.3111604576192905,0.9335,0.8254,0.4321,,30.06,,281,22.0,336.0,-3.5916,-1405.4066,0.0,0.0,0.002,0.9952,60.1351,0.027,0.0
0.2204,0.4711,0.0019,0.0001,0.7516,0.0,1.0,0.3111604576192905,0.9335,0.8254,0.4321,,30.03,,282,23.0,336.0,-3.502,-1408.9087,0.0,0.0,0.002,0.9925,60.3486,0.0271,0.0
0.2204,0.471,0.0023,0.0001,0.7508,0.0,1.0,0.3111604576192905,0.9335,0.8254,0.4321,,30.02,,283,0.0,336.0,-3.4589,-1412.3675,0.0,0.0,0.002,0.9913,60.5621,0.0271,0.0
0.2204,0.471,0.0027,0.0002,0.7504,0.0,1.0,0.3111604576192905,0.9335,0.8254,0.4321,,30.01,,284,1.0,336.0,-3.4385,-1415.806,0.0,0.0,0.002,0.9906,60.7757,0.0271,0.0
0.2204,0.4709,0.0031,0.0002,0.7502,0.0,1.0,0.3111604576192905,0.9335,0.8254,0.4321,,30.0,,285,2.0,336.0,-3.4291,-1419.2351,0.0,0.0,0.002,0.9903,60.9892,0.0271,0.0
0.2204,0.4709,0.0035,0.0003,0.7501,0.0,1.0,0.3111604576192905,0.9335,0.8254,0.4321,,30.0,,286,3.0,336.0,-3.4252,-1422.6604,0.0,0.0,0.002,0.9902,61.2028,0.0271,0.0
0.2204,0.4708,0.0038,0.0004,0.75,0.0,1.0,0.3111604576192905,0.9335,0.8254,0.4321,,30.0,,287,4.0,336.0,-3.4239,-1426.0843,0.0,0.0,0.002,0.9901,61.4164,0.0271,0.0
0.2208,0.4707,0.0004,0.0004,0.75,0.0,1.0,0.3119052067598758,0.9357,0.8285,0.4334,,30.16,,288,5.0,336.0,-3.61,-1429.6943,0.0,0.0,0.0022,0.9954,61.6299,0.0271,0.0
0.2208,0.4706,0.0004,0.0003,0.754,0.0656,1.0,0.3119052067598758,0.9357,0.8285,0.4334,,30.38,,289,6.0,336.0,-4.0019,-1433.6962,0.0,0.0,0.0023,1.0065,61.8437,0.0276,0.0
0.2208,0.4705,0.0004,0.0002,0.7594,0.1225,1.0,0.3119052067598758,0.9357,0.8285,0.4334,,30.6,,290,7.0,336.0,-4.4427,-1438.1389,0.0,0.0,0.0024,1.0192,62.0576,0.0279,0.0
0.2208,0.4705,0.0004,0.0,0.765,0.1706,1.0,0.3119052067598758,0.9357,0.8285,0.4334,,30.8,,291,8.0,336.0,-4.8669,-1443.0058,0.0,0.0,0.0025,1.0316,62.2717,0.0282,0.0
0.2208,0.4706,0.0004,0.0,0.7701,0.21,1.0,0.3119052067598758,0.9357,0.8285,0.4334,,30.98,,292,9.0,336.0,-5.2402,-1448.2461,0.0,0.0,0.0026,1.0427,62.4859,0.0284,0.0
0.2208,0.4706,0.0004,0.0,0.7744,0.2406,1.0,0.3119052067598758,0.9357,0.8285,0.4334,,31.12,,293,10.0,336.0,-5.546,-1453.792,0.0,0.0,0.0026,1.0518,62.7002,0.0286,0.0
0.2208,0.4707,0.0004,0.0,0.7779,0.2625,1.0,0.3119052067598758,0.9357,0.8285,0.4334,,31.22,,294,11.0,336.0,-5.776,-1459.568,0.0,0.0,0.0027,1.0588,62.9146,0.0287,0.0
0.2208,0.4708,0.0004,0.0,0.7804,0.2756,1.0,0.3119052067598758,0.9357,0.8285,0.4334,,31.28,,295,12.0,336.0,-5.9263,-1465.4943,0.0,0.0,0.0027,1.0634,63.1289,0.0287,0.0
0.2208,0.4708,0.0004,0.0,0.7819,0.28,1.0,0.3119052067598758,0.9357,0.8285,0.4334,,31.29,,296,13.0,336.0,-5.9951,-1471.4894,0.0,0.0,0.0027,1.0655,63.3433,0.0287,0.0
0.2208,0.4709,0.0004,0.0,0.7824,0.2756,1.0,0.3119052067598758,0.9357,0.8285,0.4334,,31.27,,297,14.0,336.0,-5.9814,-1477.4707,0.0,0.0,0.0027,1.0652,63.5576,0.0287,0.0
0.2208,0.471,0.0004,0.0,0.7818,0.2625,1.0,0.3119052067598758,0.9357,0.8285,0.4334,,31.21,,298,15.0,336.0,-5.8848,-1483.3556,0.0,0.0,0.0026,1.0623,63.7719,0.0286,0.0
0.2208,0.4711,0.0004,0.0,0.7802,0.2406,1.0,0.3119052067598758,0.9357,0.8285,0.4334,,31.1,,299,16.0,336.0,-5.7053,-1489.0609,0.0,0.0,0.0025,1.057,63.9861,0.0284,0.0
0.2208,0.4711,0.0004,0.0,0.7775,0.21,1.0,0.3119052067598758,0.9357,0.8285,0.4334,,30.95,,300,17.0,336.0,-5.4428,-1494.5036,0.0,0.0,0.0024,1.0492,64.2003,0.0282,0.0
0.2208,0.4712,0.0004,0.0,0.7739,0.1706,1.0,0.3119052067598758,0.9357,0.8285,0.4334,,30.77,,301,18.0,336.0,-5.0972,-1499.6008,0.0,0.0,0.0023,1.0389,64.4143,0.028,0.0
0.2208,0.4712,0.0004,0.0,0.7691,0.1225,1.0,0.3119052067598758,0.9357,0.8285,0.4334,,30.53,,302,19.0,336.0,-4.6688,-1504.2697,0.0,0.0,0.0022,1.0264,64.6281,0.0277,0.0
0.2208,0.4713,0.0008,0.0,0.7634,0.0656,1.0,0.3119052067598758,0.9357,0.8285,0.4334,,30.26,,303,20.0,336.0,-4.1576,-1508.4272,0.0,0.0,0.0021,1.0115,64.8418,0.0273,0.0
0.2208,0.4711,0.0012,0.0,0.7565,0.0,1.0,0.3119052067598758,0.9357,0.8285,0.4334,,30.13,,304,21.0,336.0,-3.7796,-1512.2068,0.0,0.0,0.0021,1.0005,65.0553,0.027,0.0
0.2208,0.471,0.0015,0.0,0.7532,0.0,1.0,0.3119052067598758,0.9357,0.8285,0.4334,,30.06,,305,22.0,336.0,-3.5952,-1515.802,0.0,0.0,0.0021,0.9952,65.2688,0.027,0.0
0.2208,0.471,0.0019,0.0001,0.7516,0.0,1.0,0.3119052067598758,0.9357,0.8285,0.4334,,30.03,,306,23.0,336.0,-3.5056,-1519.3076,0.0,0.0,0.002,0.9925,65.4823,0.0271,0.0
0.2208,0.4709,0.0023,0.0001,0.7508,0.0,1.0,0.3119052067598758,0.9357,0.8285,0.4334,,30.02,,307,0.0,336.0,-3.4625,-1522.7701,0.0,0.0,0.002,0.9913,65.6958,0.0271,0.0
0.2208,0.4708,0.0027,0.0002,0.7504,0.0,1.0,0.3119052067598758,0.9357,0.8285,0.4334,,30.01,,308,1.0,336.0,-3.4421,-1526.2122,0.0,0.0,0.002,0.9906,65.9094,0.0271,0.0
0.2208,0.4708,0.0031,0.0002,0.7502,0.0,1.0,0.3119052067598758,0.9357,0.8285,0.4334,,30.0,,309,2.0,336.0,-3.4327,-1529.6449,0.0,0.0,0.002,0.9903,66.1229,0.0271,0.0
0.2208,0.4707,0.0035,0.0003,0.7501,0.0,1.0,0.3119052067598758,0.9357,0.8285,0.4334,,30.0,,310,3.0,336.0,-3.4288,-1533.0737,0.0,0.0,0.002,0.9902,66.3365,0.0271,0.0
0.2208,0.4707,0.0038,0.0004,0.75,0.0,1.0,0.3119052067598758,0.9357,0.8285,0.4334,,30.0,,311,4.0,336.0,-3.4275,-1536.5013,0.0,0.0,0.002,0.9901,66.5501,0.0271,0.0
0.2213,0.4705,0.0004,0.0004,0.75,0.0,1.0,0.31264883911023916,0.9379,0.8316,0.4348,,30.16,,312,5.0,336.0,-3.6136,-1540.1149,0.0,0.0,0.0022,0.9954,66.7636,0.0271,0.0
0.2213,0.4704,0.0004,0.0003,0.754,0.0656,1.0,0.31264883911023916,0.9379,0.8316,0.4348,,30.38,,313,6.0,336.0,-4.0056,-1544.1204,0.0,0.0,0.0023,1.0065,66.9774,0.0276,0.0
0.2213,0.4704,0.0004,0.0002,0.7594,0.1225,1.0,0.31264883911023916,0.9379,0.8316,0.4348,,30.6,,314,7.0,336.0,-4.4463,-1548.5668,0.0,0.0,0.0024,1.0192,67.1914,0.0279,0.0
0.2213,0.4704,0.0004,0.0,0.765,0.1706,1.0,0.31264883911023916,0.9379,0.8316,0.4348,,30.8,,315,8.0,336.0,-4.8705,-1553.4373,0.0,0.0,0.0025,1.0316,67.4055,0.0282,0.0
0.2213,0.4704,0.0004,0.0,0.7701,0.21,1.0,0.31264883911023916,0.9379,0.8316,0.4348,,30.98,,316,9.0,336.0,-5.2439,-1558.6812,0.0,0.0,0.0026,1.0427,67.6197,0.0284,0.0
0.2213,0.4705,0.0004,0.0,0.7744,0.2406,1.0,0.31264883911023916,0.9379,0.8316,0.4348,,31.12,,317,10.0,336.0,-5.5496,-1564.2308,0.0,0.0,0.0027,1.0518,67.8339,0.0286,0.0
0.2213,0.4705,0.0004,0.0,0.7779,0.2625,1.0,0.31264883911023916,0.9379,0.8316,0.4348,,31.22,,318,11.0,336.0,-5.7797,-1570.0105,0.0,0.0,0.0027,1.0588,68.0483,0.0287,0.0
0.2213,0.4706,0.0004,0.0,0.7804,0.2756,1.0,0.31264883911023916,0.9379,0.8316,0.4348,,31.28,,319,12.0,336.0,-5.93,-1575.9405,0.0,0.0,0.0027,1.0634,68.2627,0.0287,0.0
0.2213,0.4707,0.0004,0.0,0.7819,0.28,1.0,0.31264883911023916,0.9379,0.8316,0.4348,,31.29,,320,13.0,336.0,-5.9988,-1581.9393,0.0,0.0,0.0027,1.0655,68.477,0.0287,0.0
0.2213,0.4708,0.0004,0.0,0.7824,0.2756,1.0,0.31264883911023916,0.9379,0.8316,0.4348,,31.27,,321,14.0,336.0,-5.9851,-1587.9245,0.0,0.0,0.0027,1.0652,68.6914,0.0287,0.0
0.2213,0.4709,0.0004,0.0,0.7818,0.2625,1.0,0.31264883911023916,0.9379,0.8316,0.4348,,31.21,,322,15.0,336.0,-5.8886,-1593.813,0.0,0.0,0.0026,1.0623,68.9057,0.0286,0.0
0.2213,0.4709,0.0004,0.0,0.7802,0.2406,1.0,0.31264883911023916,0.9379,0.8316,0.4348,,31.1,,323,16.0,336.0,-5.7091,-1599.5221,0.0,0.0,0.0025,1.057,69.1199,0.0284,0.0
0.2213,0.471,0.0004,0.0,0.7775,0.21,1.0,0.31264883911023916,0.9379,0.8316,0.4348,,30.95,,324,17.0,336.0,-5.4465,-1604.9686,0.0,0.0,0.0025,1.0492,69.334,0.0282,0.0
0.2213,0.4711,0.0004,0.0,0.7739,0.1706,1.0,0.31264883911023916,0.9379,0.8316,0.4348,,30.77,,325,18.0,336.0,-5.101,-1610.0696,0.0,0.0,0.0023,1.0389,69.548,0.028,0.0
0.2213,0.4711,0.0004,0.0,0.7691,0.1225,1.0,0.31264883911023916,0.9379,0.8316,0.4348,,30.53,,326,19.0,336.0,-4.6725,-1614.7421,0.0,0.0,0.0022,1.0264,69.7618,0.0277,0.0
0.2213,0.4711,0.0008,0.0,0.7634,0.0656,1.0,0.31264883911023916,0.9379,0.8316,0.4348,,30.26,,327,20.0,336.0,-4.1613,-1618.9034,0.0,0.0,0.0021,1.0115,69.9755,0.0274,0.0
0.2213,0.471,0.0012,0.0,0.7565,0.0,1.0,0.31264883911023916,0.9379,0.8316,0.4348,,30.13,,328,21.0,336.0,-3.7833,-1622.6867,0.0,0.0,0.0021,1.0005,70.189,0.027,0.0
0.2213,0.4709,0.0015,0.0,0.7532,0.0,1.0,0.31264883911023916,0.9379,0.8316,0.4348,,30.06,,329,22.0,336.0,-3.5989,-1626.2856,0.0,0.0,0.0021,0.9952,70.4025,0.027,0.0
0.2213,0.4708,0.0019,0.0001,0.7516,0.0,1.0,0.31264883911023916,0.9379,0.8316,0.4348,,30.03,,330,23.0,336.0,-3.5093,-1629.795,0.0,0.0,0.0021,0.9925,70.6161,0.0271,0.0
0.2213,0.4708,0.0023,0.0001,0.7508,0.0,1.0,0.31264883911023916,0.9379,0.8316,0.4348,,30.02,,331,0.0,336.0,-3.4662,-1633.2612,0.0,0.0,0.0021,0.9913,70.8296,0.0271,0.0
0.2213,0.4707,0.0027,0.0002,0.7504,0.0,1.0,0.31264883911023916,0.9379,0.8316,0.4348,,30.01,,332,1.0,336.0,-3.4458,-1636.7069,0.0,0.0,0.0021,0.9906,71.0431,0.0271,0.0
0.2213,0.4706,0.0031,0.0002,0.7502,0.0,1.0,0.31264883911023916,0.9379,0.8316,0.4348,,30.0,,333,2.0,336.0,-3.4364,-1640.1434,0.0,0.0,0.0021,0.9903,71.2567,0.0271,0.0
0.2213,0.4706,0.0035,0.0003,0.7501,0.0,1.0,0.31264883911023916,0.9379,0.8316,0.4348,,30.0,,334,3.0,336.0,-3.4325,-1643.5759,0.0,0.0,0.0021,0.9902,71.4703,0.0271,0.0
0.2213,0.4705,0.0038,0.0004,0.75,0.0,1.0,0.31264883911023916,0.9379,0.8316,0.4348,,30.0,,335,4.0,336.0,-3.4312,-1647.0071,0.0,0.0,0.0021,0.9901,71.6838,0.0271,0.0
0.2218,0.4704,0.0004,0.0004,0.75,0.0,1.0,0.3134,0.9402,0.8347,0.4361,,30.16,,336,5.0,336.0,-3.6173,-1650.6244,0.0,1.0,0.0022,0.9954,71.8974,0.0271,0.0
